id,blush_r,blush_g,blush_b,lens_r,lens_g,lens_b,lipstick_r,lipstick_g,lipstick_b
Oqp-lhgDOac,148,91,121,74,87,106,163,105,103
_DpQTfNFE7A,154,94,82,51,41,41,184,123,112
lh5VYM_EWwY,181,122,128,97,92,86,177,81,98
MB38nvK_WVM,179,118,103,46,36,33,183,122,107
heQXH5nwGdE,162,79,86,55,38,41,45,41,55
DNW5GnSJCzU,174,96,93,96,79,66,156,79,79
gnBAL1-w250,131,90,84,23,19,20,143,96,93
ew6XNp1YFfc,163,94,100,82,72,66,161,100,102
9CKcZtPtLy0,181,104,99,79,62,58,185,95,94
36CXZWgsqec,199,113,133,62,45,52,198,101,131
DLH7MCURpQ8,203,107,116,88,61,60,213,120,118
pxrYXUYLOgs,177,106,119,86,73,70,101,36,54
XN0a_xJlUDY,173,128,133,84,93,96,136,30,44
2vV2V-jhIAw,198,129,131,101,76,66,221,136,134
7MC0hGCi1ow,221,116,106,87,74,58,186,100,87
HAd1uNdQI1A,199,109,116,92,59,56,191,107,114
AngNAkLVo4o,122,68,77,81,57,54,122,48,75
3q-mX6BYq_g,135,88,92,60,56,52,161,87,93
DL13Bffka4M,191,116,117,105,91,93,201,121,127
9nwIe07x4ws,177,68,77,54,34,31,172,69,78
3Y_Zt9xamWo,194,117,124,109,81,80,197,109,113
pnFUoYiQFoY,202,116,121,124,72,61,216,135,135
Ab-0VydKHU8,181,114,120,88,66,74,190,127,131
9qIhWS7OLVc,196,97,112,132,118,109,165,66,66
JuX3UgIBRoI,205,129,128,126,99,92,208,130,127
yUO2SI0doR8,178,101,109,108,98,92,171,78,91
bFRFq4mj7fs,179,80,107,80,82,99,219,131,155
XUMQpKCk6Ak,141,94,117,70,81,97,153,124,115
BHKC0YTSNnY,169,75,99,73,48,46,159,76,89
bFTtbgNdEoI,228,131,141,110,74,66,220,125,137
unjVDgf-s8I,172,80,103,74,43,42,166,70,87
bNYNbGKGcbw,209,137,149,77,65,73,188,120,139
A-vuTWHwveU,191,117,125,76,62,60,203,128,134
HsOGe2gkqQY,204,119,129,118,103,109,217,142,130
0rUMYdQMoXE,146,83,98,70,81,87,145,94,114
9XgEgcA2QHA,185,107,130,83,58,78,203,97,142
4rGBBsHUSOo,192,92,110,113,96,92,184,92,102
vR56SN5Or4s,149,70,78,30,23,23,141,62,67
zO28T3-352s,137,89,108,77,79,96,157,116,120
ag-dZDVZywM,150,59,87,69,47,46,162,68,89
AhuQItXDivk,186,94,114,86,54,50,166,93,104
TDo7X-4gsdI,216,125,131,94,59,55,208,124,118
lRbSZQbKFtg,174,97,122,122,108,123,171,81,112
7c5bqkKRl6s,218,117,134,108,68,65,222,127,142
INkY0y1Mu2Y,200,146,135,131,100,89,208,102,107
X4J_RrbsxRc,181,107,105,68,44,43,192,114,107
0L2zNXpBP3k,137,71,89,58,46,48,148,92,105
zpWXNfroswM,217,142,147,103,98,97,222,153,152
JJbpEIy3cWQ,154,79,95,93,54,76,120,31,56
fScqMVw91Bg,181,99,109,115,113,110,163,90,85
asEDnzo25Aw,195,148,152,118,117,116,174,108,115
kvrOEHb3SXg,160,75,73,109,75,60,157,22,35
Qtgsi_98QKE,165,64,91,80,58,51,171,67,95
Zdbe4AAhdU8,144,61,60,47,27,20,146,58,55
ryb-Fv9F1D8,187,114,122,82,63,60,177,83,99
wXPYC4267dY,178,91,105,82,58,54,171,93,106
399GbxRqcDM,159,87,86,75,62,53,164,91,83
6TJC-zQi9S8,135,109,107,57,45,48,148,103,103
ZS9OOYSx_Ow,217,126,130,129,105,88,216,143,138
#NAME?,187,111,118,91,65,69,177,106,103
KGJmEEmePQs,200,132,139,112,99,85,189,136,140
5XUwdZkM6N8,183,104,118,72,47,49,166,92,100
DmSez23GJos,195,101,107,98,78,68,193,107,107
asHO8fNC_yw,204,89,92,82,47,37,156,8,30
blDNeSQZzYs,155,91,104,85,85,88,148,102,104
R1NYlnoMecM,209,78,129,112,81,93,203,64,117
#NAME?,207,147,143,133,121,105,205,67,77
0KVvmLhye50,175,93,107,107,96,88,165,65,88
sSZ3sUnWxPo,219,149,152,88,56,62,129,41,78
22eG1ydhlB0,173,120,130,96,89,86,151,67,83
1WSZ3UH4nXU,183,110,116,85,72,69,185,112,116
y70jjbXFSJw,184,125,141,82,80,89,172,85,93
9YcKXs-2-pM,134,72,80,49,34,28,130,66,72
7O1EbEiP8Qo,166,82,93,101,92,91,177,92,84
_PUF3ucmlvI,165,93,98,74,53,45,170,96,105
JyWtEgMy1Cc,145,75,101,77,55,73,165,83,112
H2_Bsrql4a0,147,99,110,103,89,102,157,72,96
qGt1MQJyl4o,187,110,109,79,56,42,124,53,40
lLd71gHzmkk,184,86,109,77,46,43,157,71,92
5BUjG6t9DVk,196,112,137,100,96,96,232,70,115
di9QRM9Mgo8,182,115,126,69,51,58,180,101,119
9gku61frcSo,133,83,93,70,66,67,147,58,73
81nUdTe4iWk,199,128,140,101,95,104,197,117,123
ZjuZHarCX5g,211,129,137,100,67,70,190,101,114
0AJNMSkvrUg,176,110,108,77,57,59,200,129,124
4AkixypfHh8,151,60,78,66,36,33,126,13,30
#NAME?,173,72,110,80,48,51,172,71,109
6KT4ENqzcLI,169,105,116,78,78,80,184,70,95
Z54RRD713jc,213,115,112,98,61,52,222,98,115
976EDGIAoLU,200,151,155,117,112,107,137,59,68
yy2XYTVZfKg,214,123,144,106,98,111,245,43,82
ah8bbD3ptRM,186,99,102,76,69,77,149,30,65
4mBIHQf8350,205,156,167,131,141,152,185,83,94
9UYn7tL5Plw,197,132,123,97,85,80,204,135,129
2Fl80VwFo8w,170,109,109,58,43,49,173,104,109
EyUSxHsm1SI,181,98,121,79,57,63,181,57,89
8OJnlDl08cs,199,112,122,123,107,101,185,82,97
Yd60ITlmsys,133,72,87,55,48,46,127,75,81
oRhtxRb8j8M,211,127,138,128,112,111,219,131,141
9TzR-uFy7Gg,210,112,126,108,70,59,223,123,138
B8My8jgO3Vo,138,75,61,50,23,18,151,67,47
UIlgP3FAW3Y,184,107,120,116,101,103,183,113,123
zTtFNoltgRo,166,89,93,60,37,38,154,80,82
z-nlE_cgr1A,214,106,102,98,69,52,207,87,101
0tnnz2IHYHo,149,81,72,70,55,57,187,72,92
Z0dKtB7BmEA,198,126,128,75,58,61,172,103,108
jz2vX2dvFYc,153,104,100,76,64,65,159,112,107
cAmzABgXDWo,167,98,87,69,53,53,189,58,50
kTvQGSgGyoc,133,66,80,54,42,45,160,104,114
tL7Bd3nNR_M,145,95,119,60,44,57,165,81,126
yQaktZK-rkM,194,135,131,77,67,69,189,136,142
hd7iuqUmg4A,175,114,131,90,81,81,169,76,103
YZJ7f_JpuP0,176,102,113,109,97,91,208,133,150
ZLZvIOcatoI,218,133,137,116,90,76,201,105,126
ceM4SWRN7gQ,164,100,116,76,74,83,171,93,106
B5TnL5vam8w,178,97,109,88,67,68,169,111,112
WzDOozQ9bu8,143,79,94,61,50,54,149,50,91
cxfeofHnuEU,161,71,85,74,58,65,186,87,98
EPwG8SijLnY,176,110,106,102,105,119,55,26,35
QLROhSLD6X8,180,114,123,71,71,81,49,6,24
R_Ws7lxYvOM,195,70,87,84,43,42,176,37,66
XDpBnHj1CK0,184,122,126,92,79,81,116,71,74
_8fZSigEFtg,152,83,102,71,43,45,132,14,42
BPtY748NF8s,190,107,117,108,87,80,185,98,99
#NAME?,183,108,110,94,77,77,182,76,86
amqvRqBvt9Q,200,122,126,95,64,51,203,121,119
wJV0a3XryJg,188,97,91,98,81,68,173,65,79
9MOUV-nszkY,204,138,152,112,106,103,189,106,121
iRC09kKm5jA,181,79,84,83,63,54,210,117,147
gZP1UDNJWGc,190,139,152,99,94,95,185,103,106
ciLlnsEh5Cs,184,104,104,79,57,53,156,87,83
MmMD7Xhkwaw,187,105,125,99,71,77,199,119,153
vCl_pPr6Wt8,155,87,105,76,75,87,199,69,137
8YwIeGanRXw,152,81,93,78,61,54,159,80,99
mbie9pmas7Y,167,100,99,83,72,61,168,93,92
Xql3MenPRbw,196,112,107,94,64,51,207,119,114
yz6zyvPevOM,206,141,156,105,96,96,211,32,114
8RL3oCVX1cU,226,128,143,88,64,57,214,23,109
jo206OvXSdM,167,95,112,79,40,46,178,110,109
RXpBmYwAThY,186,112,118,87,61,62,198,119,119
iPocLiIotvg,195,100,119,101,67,79,214,111,145
xVsp6K07eno,167,87,115,98,73,87,170,104,115
YorLRJsV-LQ,218,121,114,143,112,105,202,122,113
fTmxv6SVUMY,219,132,136,86,54,49,121,62,76
#NAME?,176,94,92,72,44,43,187,100,103
naHgserY6Dw,196,101,102,107,82,65,213,121,125
5rDavmlmMhU,191,108,118,109,87,79,183,97,102
G7h_uNOZggQ,158,87,96,66,61,59,142,91,92
2SxDm9B1fV0,187,135,122,81,75,77,202,143,141
UPqO7IWxqE8,143,81,89,48,31,33,188,80,148
tkr5nKHqcgE,217,121,122,105,93,82,225,96,115
dLaEFfJLgzs,189,101,110,129,115,106,207,125,126
jTp9Q0agkNM,202,100,114,129,113,99,216,138,141
#NAME?,151,90,81,83,54,53,133,76,68
es2nGInaFYE,148,84,101,78,80,88,160,29,56
arjfMFz2wGM,197,111,127,107,88,89,132,53,64
PAocpcvi6cU,166,91,108,100,91,93,186,107,136
rY7eLyJF31M,191,64,84,89,67,60,202,100,114
3lCmFyC-qOY,196,127,131,82,66,69,209,107,125
3M1avpIa-jc,202,109,112,90,71,70,191,104,107
udYTOrHGKnE,217,148,157,120,120,122,233,162,173
LkY42cH_EZw,176,99,96,61,42,38,186,111,94
aI_6qUsXFc0,183,116,125,107,103,100,160,86,91
0-EH0ydWrnw,201,122,122,93,67,59,212,137,137
9sfdPfojPmY,125,81,92,70,68,80,116,65,71
821IEaHAjgo,168,95,112,49,38,45,167,101,104
ipmYV--RAbY,169,72,86,67,42,37,168,87,84
3eFAY88hks8,176,116,125,95,63,64,181,120,123
TjlZ0SQgQas,159,73,82,77,72,83,112,26,35
RAPAyPRcxh0,163,103,118,81,93,104,81,91,106
KQkleyb3WKI,147,94,87,80,50,46,166,112,107
yqcWpmgdMbA,195,142,133,117,111,95,197,133,118
bBLHE0ME-GA,216,143,159,159,139,142,190,120,125
wwOrpIAqTJY,188,115,108,125,82,67,162,70,80
EXcIvkWtjqM,192,108,115,118,109,106,199,120,120
hYX9D8nfSFU,151,76,89,66,38,38,144,55,82
4sb3BtlPLNM,205,143,173,103,85,104,171,107,85
YMRZy55InWs,193,113,118,96,86,90,219,140,141
4j2ZexGZNbc,148,60,80,60,35,35,135,58,70
FovBkS3Y3Zs,213,126,138,74,52,57,194,116,128
4wj9wcLJHHU,213,120,127,99,71,76,222,143,146
fR8a_7r9UDM,156,73,67,77,64,47,160,89,80
j6UvgMLY2no,169,100,104,91,90,89,207,143,150
A_xz31nXm7U,210,113,114,76,43,39,214,123,122
MEuK5JzR8Lo,200,132,146,108,103,102,209,134,151
4osuWmUnU4k,181,94,94,79,61,50,190,23,43
unEWcDm1fok,203,146,157,102,96,94,176,112,110
zGu9iwBERkQ,189,115,105,70,52,46,134,30,42
235tvKUiZeQ,181,98,110,122,118,113,176,89,97
cyCZeNIBuek,217,121,137,105,79,86,199,102,114
Hqiv10af_Fs,198,101,110,118,107,124,228,50,64
xOHt59ic1ro,191,124,123,72,50,48,204,130,109
EGb_TN_3yZo,186,113,122,68,50,57,208,107,120
4Z4Pws8f4h0,184,102,112,87,60,58,177,93,103
4uuPT9ufcug,209,130,135,115,84,68,215,120,145
rnogWH650Vo,224,164,167,131,120,116,199,111,130
nV9Afz2aAeA,176,109,128,92,95,94,166,85,99
e5YR1Pd_2uI,204,132,142,113,102,89,210,45,77
0GzaX2781Tg,165,62,90,60,37,36,160,74,86
Z_d2MY13Zzs,175,94,97,111,102,94,186,78,92
G4L4qWjwEtk,165,65,84,88,74,79,182,21,26
Jqo-hXAM-lw,175,71,100,71,33,40,194,2,70
xkYVLcoXjrk,202,80,102,78,52,48,204,96,101
6k1Ig0j78po,197,116,134,116,116,131,185,99,111
9jLldIM3Q7Q,186,106,115,96,76,66,188,98,115
G0URJh2Skh8,215,144,144,116,83,70,227,74,138
DvkmY6-CO_Q,150,81,84,59,38,34,136,67,71
0cj9FsDiYT0,215,149,157,122,121,120,236,94,96
JTMTKocdxtA,162,98,114,79,73,75,135,101,114
Ys-ESr9UXnQ,209,109,114,88,74,58,203,109,107
cbdsF-lF6mY,210,148,154,109,83,76,224,150,168
8rQT3PWQoNI,201,117,132,59,41,45,138,51,75
jGuM01PvFII,189,138,149,111,113,112,202,132,147
3zPFspdDctE,170,105,112,69,44,47,164,103,107
f5sI5kuHryk,208,130,139,118,96,85,206,154,159
a_ljHu4vrTo,133,67,53,51,28,26,113,34,49
gmZsJESbY2Q,199,101,103,116,95,85,217,140,135
Eog5RGbqgKQ,139,70,69,56,43,40,143,43,56
ZeyFFCtyRqY,142,80,88,64,55,61,214,132,157
ycpRy5jFBT8,179,92,101,113,100,95,141,58,67
7Nd9fuj0ZTY,187,103,115,121,114,114,175,70,93
zhlD5Fr8GIE,171,92,100,80,59,57,144,72,75
IKO10VdtLFU,204,130,133,104,81,67,191,117,118
CK_5WkoajBc,183,110,101,68,39,34,178,113,107
x6xMtbJukKk,217,119,127,101,87,74,203,118,127
C1dKWnhfQ2E,177,77,100,84,58,54,163,82,96
yFEMJKOnYvg,177,84,97,73,48,46,200,105,116
G89IFQ2pCeU,168,107,120,100,96,97,195,119,130
YOMfxeBvS20,123,73,75,67,61,58,98,31,24
2_eCgSlPw0o,161,77,81,63,39,43,113,18,35
#NAME?,196,128,141,100,80,89,194,141,152
9AHUoOKMK2k,202,126,145,98,72,71,213,140,164
J-pOVH2Z51E,172,92,98,95,87,82,168,91,86
-4RXOT_UfpM,197,106,123,129,116,110,209,125,129
#NAME?,179,113,109,110,87,69,172,92,98
x2iyOxHvSbo,170,113,122,92,88,89,168,95,97
S3YCLg0czsM,160,108,120,46,33,41,118,38,60
#NAME?,186,121,126,80,55,59,193,106,117
qhXxDmIEZKY,195,106,113,107,86,88,198,114,124
qhIJo3zRi6E,149,60,86,66,44,41,158,68,95
VdKwN8f7-6E,215,152,155,123,90,78,229,116,146
KBeZG-kF18M,165,82,91,92,63,58,168,83,87
PwsfOz--tSQ,207,144,140,69,62,67,205,138,131
AZ-5arz0Vvs,180,77,92,93,50,67,159,50,68
GpQhFtH4lFM,175,107,121,122,88,98,67,37,46
QiYDujOxpCY,187,90,100,91,79,84,214,44,49
VqMvmyjxNzs,180,98,107,105,97,88,186,104,107
iKW1MNWWs7g,198,114,126,130,114,109,184,97,97
AxUfhFPixTQ,205,122,128,108,78,72,210,113,114
HtuyXrx3Nic,192,126,94,107,103,104,161,88,64
lnfD5QBDelQ,176,110,121,82,64,69,188,96,127
cKUp34lUcMI,202,122,130,81,70,82,148,82,86
ioDzRCCYVew,224,125,134,111,90,87,225,143,150
yAcXMpec8XQ,170,106,122,134,110,123,171,92,107
8ZJ0aeT8vQk,192,112,126,94,63,65,196,114,127
ymLXWooMpnY,180,92,116,78,67,63,173,95,115
YK38cLcM33I,190,120,127,94,88,88,211,46,60
9eEwbgRFxZk,178,84,100,41,15,19,174,82,106
ocsbJOPy9Es,164,68,85,69,54,56,138,45,51
bUFjrFxsGRI,159,69,94,67,49,48,167,72,90
f-SZA1tkViU,205,128,127,101,58,42,188,89,93
gP5CAebdh9I,172,111,124,68,60,67,107,25,41
DnmeP0hg9co,209,145,156,103,86,85,218,143,169
mGe2zBC1W3c,204,141,135,101,76,62,199,130,122
ylEXFNbL6eg,193,107,123,114,95,77,188,85,108
7NLMz4bGHOo,211,145,145,132,128,123,223,143,156
zIOsONcP3NA,189,105,110,112,97,90,187,97,96
9kY2Qrb1-vg,177,92,100,106,95,91,173,83,87
4qvEPvkGCcg,162,87,90,82,71,65,162,96,102
#NAME?,190,115,109,87,65,45,194,106,105
XZRBxNzE2WY,219,143,160,117,112,114,229,150,145
YyHG-WWYVhI,183,94,114,86,59,57,149,78,89
h6-xqbMYzBY,123,71,77,54,54,57,133,85,92
1JSSRCD3UGA,166,105,107,58,40,41,194,136,119
bB47SXSJU8g,180,83,109,94,65,60,164,70,100
9X3xZfiYMmA,175,112,105,83,65,62,177,110,96
496MNPTu8ws,152,91,92,79,71,63,175,116,115
xax7IOTiVqk,169,84,94,70,56,50,186,24,81
yNc0a7ckgyg,182,123,139,90,71,71,155,62,96
dqCUU-LG61g,199,135,137,91,67,59,192,85,73
bMnxopJTyfE,194,109,111,81,74,74,198,105,113
Dc8ZSBBWp_M,153,88,96,48,39,35,134,58,73
3WiZQ-Ohb58,197,109,130,108,98,111,189,99,118
sTb5vOIuzBE,132,78,86,72,52,53,143,82,84
7zCYjI7bLOU,162,83,93,66,50,57,184,90,108
DVMOhfg7FDM,185,100,110,84,77,77,147,19,43
_NBUHxzG41Q,198,132,138,90,84,82,232,168,171
2Gn4HZrSZI0,185,97,92,106,82,78,157,77,85
vmk8ABekmVk,157,65,82,66,57,56,184,127,125
b56geqIiQ9Y,195,103,117,91,59,60,184,87,102
XhagLX1DXUI,169,72,86,74,61,72,181,85,86
AFodD98-lew,135,83,69,82,68,62,50,45,74
OWSA0qObvIA,209,126,118,114,93,71,206,139,129
wwlGSAOeDDw,224,168,172,134,137,136,237,166,171
iQr4iizyv0U,211,132,139,106,81,73,214,94,113
7PfI6isulcE,180,125,130,102,96,89,154,80,90
zjGHjaZCXpo,176,113,121,77,52,53,180,112,122
4A9hIc7YEHM,167,95,102,62,51,63,132,26,49
g-WIa9UHUy0,197,141,151,111,109,110,176,107,110
H7PbxQsgfmU,139,90,114,76,86,101,142,95,114
tN-bzq-YfBs,177,96,108,115,104,96,170,73,76
YA0yaZiXFQU,187,107,125,107,67,79,196,38,59
CM1txbBR2IU,181,107,110,95,70,59,177,93,94
YDtH1wPDTXY,170,73,95,79,48,45,158,75,81
wu_n2g4Om90,186,106,115,115,97,90,173,82,97
1FAjpWQlSR8,166,94,97,67,46,38,173,84,98
N15ABAiL4_8,166,82,105,64,48,68,182,87,127
TwxgMhCpa1M,198,125,128,127,99,90,193,117,111
R3VcBJ4rDO0,203,144,157,109,102,104,174,90,116
QLFdObaJ9bc,193,125,101,110,84,72,121,60,65
Y5tXWR-HxIE,202,130,140,104,73,77,198,110,113
D4JXdHYSMwQ,160,103,120,86,67,65,157,115,116
9pwZP8cHfac,198,120,118,96,66,53,219,89,106
dcRtcaeT5JU,213,134,141,98,73,63,198,91,112
rqsScxRhasY,110,62,70,70,62,64,129,69,56
74AC_hGslZk,197,92,103,105,87,75,191,89,103
dSRDndvJY-c,175,77,95,67,41,36,170,88,96
8x4rmhsJ6AM,192,135,121,85,66,58,190,125,130
l65Ly7lDHg8,180,113,119,71,48,52,221,158,153
hCiwtInNlRk,204,147,142,113,88,88,214,153,132
OTK8SgXjH4g,183,115,132,49,31,36,198,130,158
sRnNswcosYw,183,119,117,112,89,82,188,113,109
VDYiY0xJcwg,189,110,117,114,105,102,118,29,50
alXEU3c8tis,169,69,98,64,36,34,173,65,95
AAtnI-xYnTY,144,68,87,47,28,35,175,101,110
Sib34wN4e0c,191,97,103,83,49,40,204,121,117
rLLTDgmfaSc,176,69,94,75,51,51,173,66,92
5jXxWwCbSYw,187,132,155,92,81,89,195,103,139
65D0MNOr4Wc,173,92,90,92,67,49,177,112,88
Oxw0J9iOc2k,139,74,86,47,30,33,114,36,36
yML0vJGeSLM,195,111,110,104,66,61,201,118,124
7tO0lIL_Xlk,205,128,129,103,76,65,209,147,136
tx7Ixy_70IU,200,110,124,107,89,92,206,128,124
7OAHNuE3Nw0,213,144,144,105,66,50,225,112,124
ZZseeHH-pq0,206,150,156,111,111,109,170,99,109
#NAME?,188,117,109,81,79,74,187,112,106
_g8K2zMN478,152,113,127,74,83,112,134,64,110
vCJ6U7mQmYw,198,109,118,81,58,50,173,93,87
AUQQEldV3IA,192,68,100,86,66,61,200,60,92
2rk5D-ijiHE,138,62,78,62,47,41,173,116,104
Y0u27pbPfJo,104,46,53,54,30,31,98,19,49
5mMdB1SohCc,168,80,96,80,45,42,164,87,89
ZXGk5Zwp_7U,120,71,79,56,57,58,120,82,88
HajrbYT4eL0,214,117,110,132,102,75,199,115,96
XlAfmpKRm4c,146,74,72,81,67,55,179,114,125
61hO5yTnAaE,186,109,106,69,48,45,212,139,115
6T5OL_CAeOA,202,121,141,81,48,48,124,30,46
Arz7t6dkdA8,163,80,94,71,44,41,162,89,98
4LkVrEAUS_U,203,142,162,69,63,66,192,131,134
yHfKe3QlUw8,200,98,109,87,48,49,188,51,71
WPi8FzkGKfc,178,87,99,113,101,97,170,88,83
OOLXCZcpT-k,131,70,100,58,38,43,129,67,101
XFMjBgrwn-U,215,138,150,124,110,112,183,98,113
MCSRPZop90c,190,115,109,101,81,71,200,104,105
kAtSNsnnCHc,204,120,122,72,31,24,195,109,107
4zH-p8f3bUE,188,124,145,74,58,65,190,123,173
UqSfgKfeF5U,158,71,89,75,46,41,164,77,96
fV6oZmYG6fA,182,85,102,112,105,102,185,116,115
aNkgtbjPPko,164,100,102,88,72,59,167,89,107
LMbX26CPHwM,219,122,123,83,51,48,187,103,95
Y1tNhBbdEd8,150,63,87,61,40,42,177,76,103
ze4HHsokYW8,172,97,119,90,82,84,170,52,102
yqTPmI8yVvI,183,106,100,97,78,58,201,99,108
7JklkJyOHHk,142,82,65,59,39,23,122,63,42
YdzJYpbTKjw,192,106,119,111,92,93,165,79,86
1SX-19LDHGY,130,74,73,54,39,34,124,63,68
kUI2dj7XQuM,198,108,117,109,81,75,196,111,116
4m8A1lz-uwM,141,72,76,89,74,71,147,43,86
EVe6zujlnvI,207,120,127,86,76,77,188,102,113
1VgLebKIqDU,199,104,126,124,110,131,185,97,121
VuXbqse4oPg,194,93,107,78,49,50,189,75,89
yBEUdOdSH0A,171,103,115,107,99,99,171,97,108
jUCpkT3fRgw,134,84,94,63,40,39,189,43,47
byAo84pRpuo,194,91,108,88,71,67,216,125,143
vdOh3oI4Swc,186,116,128,83,62,66,169,99,103
BNG1T1M2QVg,179,82,105,81,54,54,170,81,94
XBcphdsB_8U,188,111,124,70,46,48,182,100,112
QhwAiXVwRIQ,167,83,89,74,54,50,202,87,114
cshNKFHC5yE,197,101,117,97,78,68,219,127,141
5iKlVxP9zWs,198,106,101,112,72,64,198,110,100
5Q7k_wbgn4Y,169,93,87,82,66,56,193,107,104
B_ZRjW1ZJLQ,212,127,136,114,82,72,223,132,132
5XWD-OGM-NI,150,76,83,70,57,65,111,55,47
ZotXHXSv5G8,153,70,92,68,52,56,179,104,95
uldr-gKPxTs,108,49,56,50,39,39,121,48,56
mOcO_5Fpubc,207,162,124,51,61,52,214,118,114
7OCes9Eubxs,219,135,134,119,92,79,182,49,80
34Ji5T4a1_0,193,100,100,100,64,53,181,43,72
4DAReGP9qWg,184,111,128,105,86,87,172,25,51
-R8MedVbg8o,168,89,104,54,39,45,192,114,126
#NAME?,158,84,112,74,51,61,111,23,49
SSRxdusrI7Q,216,127,125,119,98,77,211,135,131
BluCH44nrao,166,83,98,58,36,41,175,98,108
D7v_aBXQX7Q,189,107,121,82,62,56,171,88,108
BZ8xYH9pv-M,191,106,119,111,98,96,157,85,79
IiWTadfZkSE,186,99,102,75,60,56,173,78,81
G8yAukb2QT0,137,58,79,56,41,45,134,33,58
#NAME?,177,93,119,80,69,78,186,101,117
ofZHFrf8tp0,195,121,129,125,124,117,210,136,136
0PqHttuxvHs,179,99,108,106,93,93,174,73,95
xlsKxUy7-9o,111,76,88,59,77,93,155,93,87
2F0hThN2mxo,173,100,112,67,49,54,181,106,117
wM5XtOU1WoE,209,139,164,87,58,60,187,116,134
26Mp46EYinE,208,125,139,110,81,78,141,76,109
B8h-giS3ArE,168,81,91,88,87,100,142,41,50
YoDJ197OKR8,185,95,93,75,34,31,206,100,120
SSn8YMA6S_c,184,108,114,91,59,50,205,134,136
0g-6wNdtW90,174,123,143,109,139,157,186,146,163
d6y98dXIeBY,178,93,105,113,106,103,167,88,84
y3_tVfzBXu8,225,158,150,136,112,104,218,147,131
cy6HRXHxunY,168,79,103,74,44,38,118,18,43
47l8Jml7kso,138,80,83,48,38,46,168,93,97
oM5c2P19dwc,196,107,123,98,98,95,199,67,78
kw8eIQ63AUk,188,105,135,81,55,62,186,93,101
dFyTKBmwJXA,179,116,111,78,65,67,204,141,148
h-k85HkD81M,173,90,110,78,60,65,166,90,104
xkQLikZKi6w,184,94,109,105,87,79,174,95,94
60Jd6frB0WI,184,131,128,97,92,93,187,124,126
F0qQv-544wM,220,95,118,97,67,54,220,96,115
2bMFD-oPdHc,169,72,94,74,39,34,176,79,101
jloepAxyw58,202,114,118,107,90,82,167,50,71
A_xU70roNLo,205,108,109,110,105,110,217,138,118
nDqQpnvE5Mk,184,115,114,96,88,74,179,116,116
Df0v26wCZDA,219,111,119,126,107,97,209,106,131
4gUS874TF2M,207,126,121,95,77,75,204,138,135
XSg9Xc3ie_A,180,85,93,79,70,66,136,61,58
BPJ7ay72U0s,196,118,122,62,45,46,189,119,131
goPhRTXEpUw,180,88,85,97,97,100,212,136,127
Azg5X7Zf2Mo,184,99,109,99,77,59,189,116,125
KXMTneqzYGk,191,101,120,116,99,95,191,105,115
B3eF7RP0VvM,174,104,119,84,73,74,151,52,83
llbdfAwpHvw,168,87,103,85,71,65,159,71,96
YYmhNxkK3YY,195,139,144,103,102,100,151,63,83
BXOrHkDmgmo,174,81,100,84,46,49,183,96,105
3EuW6dgkpYU,146,101,105,83,70,79,132,71,89
aGGUSoO9iiU,202,78,58,121,76,49,198,88,58
kaAELzDi_Oc,194,123,131,121,123,117,197,121,132
A1CT0CwnVYg,150,62,71,58,39,43,167,68,69
ZtTIB_W3kYQ,207,104,115,128,103,90,57,4,12
erqqzolzQN8,137,65,66,57,54,58,140,21,23
joSQVv8xkwU,214,116,115,99,63,51,165,81,71
FXbKVf430es,194,103,118,107,88,89,192,106,114
oi3A8452dlI,131,72,81,74,48,44,158,92,97
_RymanXZgUI,200,139,145,84,64,59,180,53,72
ezRuS7H9O-c,182,106,126,126,115,132,186,41,68
Z2EA6KsiXBM,198,136,135,103,88,70,204,149,151
0EqrGpTyxYs,172,112,141,66,81,113,182,26,146
O7cY1_QAwE0,148,90,85,65,56,55,152,51,63
7ivHxCFbzjg,204,98,109,108,92,82,213,110,115
3sRluXLjxPw,154,76,87,94,84,78,143,11,66
VpCCdoyK2JY,204,141,148,113,106,108,86,30,47
#NAME?,163,86,79,86,55,37,170,88,58
7FpmqK976YI,227,155,157,111,77,65,228,154,147
#NAME?,160,96,105,88,56,54,126,80,83
SsJflEvdWyM,168,91,79,57,43,39,170,87,75
bqC9jYS0fPE,192,100,105,124,107,97,200,119,115
Y1OJ1ZC_wEQ,181,126,131,99,85,87,82,21,32
f9kHbvtHYzM,215,127,144,114,94,99,230,147,151
#NAME?,185,127,138,103,99,102,186,107,123
6VN0cE_nfS0,215,136,143,81,68,67,205,131,129
8sidgZRDkVM,202,98,113,105,82,68,205,98,111
1rLHjbUhTMk,160,95,105,86,78,75,180,104,110
qy3Pr4ZGCM0,183,101,117,105,86,81,175,77,94
ZryhViOvQF0,142,60,74,71,55,61,165,104,121
Xy9OFWC9wgY,195,104,121,74,57,51,120,43,57
QeuCEMVzLEo,186,84,122,86,56,55,171,82,105
kySNCiTxa1U,175,79,105,78,48,46,134,13,45
#NAME?,150,76,85,75,53,54,147,76,85
eTGeYrshxwI,200,126,119,100,76,67,216,143,127
G7VFa30UhXQ,164,61,77,79,48,46,153,64,79
sJVMRcr-eug,150,95,113,77,76,80,117,54,67
bN9L2a3eaLg,170,86,81,86,69,62,178,88,81
Jwngbzv0gbY,196,105,120,116,101,96,191,102,114
AcOO-EOhwYo,140,88,72,64,38,27,144,75,56
2VJ86CpE-wo,163,114,125,86,85,83,151,98,103
uHTKwybJv3U,206,138,145,114,102,92,206,84,209
6O2sg9vo6q0,167,95,111,83,81,87,103,63,89
aBh4GQN3AYM,177,96,99,90,84,77,176,89,104
XB0RBb5sLrE,218,140,143,91,41,29,207,72,108
ybHGyXzTzJg,197,134,141,111,117,117,210,143,155
o_U5hty6YhA,180,118,107,67,58,51,176,107,101
H_Zt2wcY3pQ,142,91,96,61,38,40,142,30,76
tKGcZvehYuM,166,99,100,75,56,53,168,101,100
Nsg6ZDd4NfQ,195,101,110,79,47,50,210,113,121
C6qXG86jNS8,186,121,126,105,101,91,182,115,124
x-eER-3hF0Q,166,82,103,63,52,58,196,102,126
JvAeDICc-sY,176,99,107,77,52,42,178,105,111
GmNGjhrRLzQ,208,135,144,96,96,96,232,167,161
lTiRbPpd35g,167,114,111,78,64,58,166,104,112
IqkMYyW4Ljo,165,74,97,74,51,48,171,81,112
YqC5loCFMtk,187,116,123,64,41,40,162,64,89
Y3Dp-2Yc1yw,210,115,115,116,91,61,212,131,124
MgU7jB6RF8c,139,71,81,79,69,90,158,72,76
3woylIyHllI,148,94,101,91,73,64,122,54,76
CjdCAcRlkVU,196,97,104,107,88,88,213,106,114
20Cg9rQ8A3o,190,107,119,118,103,98,187,89,103
2SmHfiZJ7-Q,169,111,117,59,51,66,172,74,93
A-XQsxivmLs,209,146,155,106,100,98,207,125,141
9NI4Cy0zLT8,176,114,125,112,112,112,193,126,125
WZerlq1RYUQ,184,104,102,83,56,43,183,96,96
rRhPpE8dP8k,202,113,116,79,44,44,213,97,101
Xj2yi-ByYaY,193,121,121,91,83,85,186,106,99
dIDhII2sM_E,210,127,126,106,88,74,202,72,93
9Dfs-4lLNZM,175,107,133,80,76,93,171,97,120
55s33UsfWOE,186,126,130,93,76,67,193,113,127
1SCRb_1O8ys,180,90,102,116,101,94,181,90,108
yLC4ufnDr4A,93,56,51,40,36,35,97,50,50
J9mJ_xMZzY0,223,139,140,136,135,139,202,139,112
3pbzZNTAWyE,202,99,121,100,86,76,194,87,108
ZVWms5rdots,202,157,152,109,117,146,220,60,91
DklDyaXBKt0,174,109,120,68,49,56,100,31,54
ahkiJ6bcJRY,183,99,112,115,106,103,180,84,96
1WAMBm6LLgA,156,98,96,61,49,47,127,77,77
ti8Lm8Osl0Q,112,64,66,70,58,63,115,32,40
WxkVZxWjxKo,185,116,113,94,67,65,209,122,124
oyD38tgzlPg,119,63,68,62,49,48,194,59,85
0L0MIZdwwNo,194,106,117,126,126,141,164,80,87
7fjkcSj-ae0,181,96,106,71,41,44,181,94,110
DWxjfF19zjU,173,103,102,91,70,62,187,94,104
VvdsEF5Sisg,249,150,191,146,143,147,241,183,203
n4qrvT-nHEY,178,119,118,76,65,61,188,124,119
aTPHYbig3HU,153,73,86,68,44,50,133,77,94
aZQ5ej_9_Fw,221,152,151,107,90,84,229,141,145
ad6yFW9J56g,207,132,142,118,102,92,153,58,82
wkyKZjqv07M,194,118,127,90,81,83,217,131,154
CKKGetijynM,216,138,141,99,69,66,202,44,59
AQO8UfaAEtY,227,149,166,119,97,105,86,19,27
-9GYpCvGIgM,177,91,94,96,82,74,177,93,105
CJ_QDTEgyFg,156,66,81,67,42,36,138,68,69
ADmK3dILwk0,223,157,158,105,73,60,210,143,138
05wdaJ_O5VU,205,113,112,120,108,115,207,129,121
ftlTG8mupqg,181,121,131,107,97,96,157,89,96
n7SLBNwL69U,165,100,113,90,73,78,180,108,134
BTkz-iFIRvM,172,99,104,74,53,49,111,43,59
YxYfSHumwS8,145,81,81,74,69,79,174,110,122
h_6hBYNYaKg,157,63,92,77,51,57,136,57,87
qk1HFKUiVcc,159,97,105,97,91,89,163,111,112
7aReSVa2MzQ,171,104,121,67,52,58,47,37,44
XeJxCdRzDNQ,104,63,57,64,50,52,139,62,62
dRon60a0zZs,188,131,146,114,117,118,191,119,124
Yl44n3XXFCI,203,145,152,113,115,113,208,136,148
aFfwU_lzkIU,194,136,149,122,120,120,190,117,128
8de-smlrWCU,149,89,90,65,54,61,156,81,78
1STqHWVJw9k,167,99,95,60,41,36,168,114,96
23jo0GtnvlA,202,118,120,89,57,55,211,45,89
rua5kC6wzHs,142,90,115,78,92,108,164,123,124
8czmUejEfQQ,215,144,152,103,94,93,234,162,156
e7IIOvLEACM,219,118,125,124,99,84,222,96,119
6A-1LVwcz20,203,109,107,114,85,62,215,129,118
f9qGq34h5Ok,138,72,72,61,38,39,177,45,51
UdW6RjXewPw,179,124,134,98,95,94,155,96,105
YdoL_CCigYU,203,114,117,104,74,63,212,126,121
DQyGd0Zix-A,184,112,108,81,56,42,184,100,104
uGEyk8-Tals,140,92,94,86,67,75,139,77,85
AUu1RF0aoQk,109,70,53,61,44,40,49,36,27
AapoB_ZzmBY,169,101,99,72,49,44,206,106,103
8QUKgFZtQwY,205,109,113,91,73,75,205,111,98
8J7-IArNlr0,189,93,99,100,99,101,159,90,72
_azFikb77tE,215,144,153,112,109,108,214,134,153
AJLxMk8_Tkc,203,135,133,120,111,98,225,112,150
keNVcQumICc,195,108,114,98,85,71,173,66,92
XlGAxLaFDsk,149,123,125,74,94,111,72,9,24
DCCmrRdf5vk,163,91,107,64,46,51,166,107,117
7yISQtim-18,196,112,127,107,83,69,181,1,50
Jxq-mJKRORg,196,97,104,109,86,63,205,132,117
N6nsiiR9Fmg,229,158,183,132,104,99,243,167,209
G7sfcsrd-Mk,189,109,125,65,53,56,195,119,128
KgsvHDPldCk,227,157,164,133,96,82,218,149,158
X4Ul5vTJ-uk,175,82,111,85,58,58,171,81,103
DaBrPoZz74Y,150,80,91,92,83,83,141,74,89
BJK4cXSCsak,200,124,121,100,73,64,188,108,108
1M9vK-2f_tM,207,132,160,137,123,138,204,142,160
_P8ardHIoec,158,95,105,92,73,83,156,33,74
i1qh8h7z00k,161,95,101,54,43,58,177,96,99
7dF_KmZ5IQA,197,107,116,100,81,75,195,109,120
WN7N06d3kAs,223,151,159,132,124,122,215,135,144
kXjL_SZ28w8,201,145,157,124,109,113,204,93,139
Xacj0CgpEB8,209,116,120,99,79,78,218,119,140
dr5EkO3UKE8,198,120,133,77,55,61,196,110,126
TUXcN7Ze6vQ,171,109,124,111,111,117,170,97,99
5SyLWYGdYCs,120,83,69,35,34,31,132,72,76
bVblfOqIt3s,181,94,92,107,100,102,197,100,122
G0eRfUQlRlE,184,101,110,82,59,49,130,62,72
XCcMmNFNj8k,199,111,122,90,76,72,191,93,110
IQZjZ6m2G0I,206,84,94,102,68,68,213,34,47
2iof2BRZgjY,185,113,124,98,72,71,194,130,130
9yXIQFYIC5g,203,110,120,92,83,68,220,132,157
7GuTNY4EPfg,193,107,105,107,87,71,196,106,112
aLNfXBLPGnQ,174,116,122,59,40,40,115,32,57
3cwsianRdr0,148,75,82,69,46,43,159,87,89
yVgL8sJQxYo,198,114,141,95,90,104,87,188,231
d4Rq5vEXrko,218,131,150,116,88,92,241,98,125
0dxRGz2xR7U,189,121,128,110,71,67,195,125,137
6GH7DUfwh08,157,87,99,102,66,75,138,92,147
HtF-UWOwges,177,92,83,67,36,27,156,80,74
HL4FDvPfWyo,161,76,72,54,36,34,181,90,76
ioZ7--wy5D0,155,90,101,75,70,65,152,90,83
DvFrD7JJtdE,162,81,92,79,73,61,168,89,96
a-B4a-YoS1A,205,117,113,74,53,48,205,118,118
fwzyemJOvg8,161,97,97,84,58,56,162,75,63
7nHxmpGDdok,207,85,97,88,60,50,222,110,122
mcnP6MXNj7g,151,65,83,60,34,29,155,80,89
c7h72tbJdf8,159,88,96,64,47,42,167,92,96
O4P5VkpdtEY,139,70,91,68,41,43,169,106,111
5LCIVeBBW2M,211,125,149,98,70,61,190,62,90
Jl-PlG6PDcA,193,103,107,116,101,89,174,82,87
Yy9pqfs_s98,190,122,126,77,50,55,126,67,81
ze1TZ1BJeCE,169,76,94,64,39,46,191,80,97
8q6YgVdLYBQ,163,75,91,71,59,52,216,30,46
sSKJvQ2rjmk,137,84,81,65,52,54,154,59,59
8N2KQxHd5vg,196,124,129,122,112,105,207,92,108
15NMOAJBekg,181,96,109,82,55,56,174,100,111
BAdmRhpIoQM,214,122,134,114,78,71,218,141,149
xOgwRyw0zG0,186,109,122,76,67,71,173,98,115
NckLrc6T_uk,195,114,123,130,123,119,194,97,108
8n7C22qHYjQ,218,114,128,135,119,125,220,30,55
JtvWAPFMYwI,177,100,108,119,105,98,167,83,89
hlfv3KLHDGQ,168,88,100,79,52,48,205,114,134
zFz5diZd8hU,206,143,142,98,74,62,198,129,120
ESaNJi7H0gs,208,127,133,97,84,80,202,93,100
2Rf2iH_rTIo,154,79,76,58,31,27,151,56,56
ug2FuiST90s,156,95,105,58,46,59,155,89,105
BYV34Abg35c,173,102,97,49,35,31,163,83,82
_Rbk9rR05aI,165,84,98,66,44,53,156,77,84
R2nkI5xDzBU,200,118,116,114,111,113,192,129,118
8GGo4xliD9E,168,91,114,84,72,82,161,69,87
cbnxpO1wyQE,205,145,157,125,120,121,204,115,134
3sI9GBuedLI,205,119,131,129,99,91,219,115,119
h9jIGfv7FKA,206,92,119,74,61,61,198,114,128
NVuUOl_GunQ,199,119,124,93,73,64,200,138,141
ARYY1hWH2Og,187,96,108,89,66,59,189,77,109
_D7bRy5vP7s,204,138,135,90,61,46,192,49,64
5PAvVXEyx_c,185,124,118,96,84,62,182,112,120
#NAME?,204,139,141,100,67,55,159,79,89
8a4kJf63fSU,173,81,102,77,49,45,173,84,100
cjXTi5gr5js,154,90,94,53,36,27,187,124,128
6ZTv0SD0SQs,166,85,84,113,90,86,166,71,65
XTZ8E-ZA-QQ,209,108,119,92,62,59,214,142,139
ZiMWvIMvDck,183,100,109,106,91,85,167,78,81
R6NnMV1XNPY,134,76,89,82,83,95,163,43,80
10pn1m9I-Ng,103,46,40,43,32,29,103,44,38
cFz_yVPVzYk,209,165,177,94,72,83,214,144,174
jUEDhiTC1MQ,176,101,100,86,65,57,188,83,111
VD47yv2NfMw,197,93,82,94,55,36,173,89,77
5UcEoM1GBNU,182,122,132,93,72,73,199,80,90
7y_y0EYru4I,187,118,119,86,57,48,199,121,125
XpSZU4NYOTo,190,122,109,106,84,73,203,114,115
83FhP_6xn8M,145,94,100,77,84,97,179,96,108
Ga8TCC0GNNQ,161,97,79,74,52,52,167,103,85
yH64Nlwk_Vs,201,120,123,89,67,63,177,91,91
WxSFBA_0WIo,139,88,93,67,59,56,149,77,94
v20zpdJP8-s,186,101,116,101,75,74,116,81,85
_P5O2-mZEZs,158,101,106,76,71,67,157,87,86
uYcPmGKq6uM,156,104,103,101,93,100,159,76,106
qQR-Gl_Iqzs,183,98,111,89,74,76,190,128,135
Rp3w3rq2Gxk,129,71,54,53,31,24,136,50,39
djHFWA5fPrg,190,130,144,101,89,80,195,138,145
eATX104iwFc,211,113,119,120,90,72,155,42,65
7Dl3fiu2e0c,194,112,118,74,55,52,166,88,89
FYjRPXZiqnI,226,146,149,130,115,115,210,115,120
TZsRKxtyY_o,196,117,110,82,59,50,198,112,95
3vkfpi4I0FY,154,78,100,106,95,106,90,39,58
F5OB7-zDs60,208,132,140,96,75,77,223,133,163
yRHgw0GJCxo,195,124,132,101,88,67,225,103,131
RsAL1XzZ_Kw,206,107,114,86,74,81,187,77,86
azLyExIEiqw,163,115,116,57,46,52,177,136,115
TWrQQA9JggM,139,77,74,67,53,52,140,75,72
aZWC7lXP3dc,202,109,99,118,117,116,243,136,131
jhPiKPMayaE,135,85,79,60,47,43,154,94,79
EzH36fYmdKc,176,91,103,100,88,98,195,101,109
#NAME?,192,115,104,114,104,110,214,154,123
L1pxI06_qks,189,105,127,76,60,64,224,47,88
4PZP6PRSX78,176,104,121,98,100,103,180,141,142
xguRUMGhhbc,171,87,111,89,71,77,154,45,62
KDxo-n-fxas,150,88,92,43,34,38,176,51,78
rag0ie2V0j0,162,71,94,75,52,54,177,74,104
RuFenma7pXY,206,118,124,90,66,50,184,96,107
VenG_2vfM20,187,98,104,91,74,64,183,91,103
4ZP7ft-HZs0,171,74,89,77,52,53,174,24,49
zH8hw1zpd-8,178,109,105,81,61,60,171,105,98
2jXyYeBEIt8,203,108,103,119,91,76,205,119,113
H4j_wTACu3E,201,122,117,102,75,64,204,48,47
7dLtD2jzvfk,183,97,100,64,33,32,171,6,30
JzAMfkxaqKc,176,114,125,91,72,72,179,102,114
#NAME?,197,110,116,118,103,98,214,131,138
uIhugq6uS8k,187,101,124,78,48,46,203,133,149
jwbggXSCe7c,217,154,157,111,99,105,131,35,57
1HRNWAH91mg,193,99,92,82,55,42,204,112,111
n3iJHcjak_M,204,119,111,118,96,72,206,109,110
6J0U0vAe-58,160,81,93,82,64,61,158,81,90
CW4F5YFqScQ,173,110,116,48,31,35,158,93,99
_TGYeRBbIpk,176,95,107,115,102,97,179,79,93
abwwwNwwNaU,166,82,96,79,56,48,147,71,78
sLxuQXdVN1A,182,94,98,106,81,64,190,44,48
NtWUSJq_cR0,223,157,168,136,148,162,199,150,166
D9XOUaMBIAU,203,120,127,88,55,57,215,136,133
6UPwgWgtL-8,135,68,63,64,48,40,134,56,47
#NAME?,190,122,126,92,67,67,213,127,143
I0_0e87eWfk,153,95,95,72,55,47,141,65,81
0O92ED00h_I,162,91,99,62,45,53,185,109,126
NuBOOocVP3Y,203,147,151,113,101,86,201,131,138
fQv_pPlImbk,163,69,84,56,38,34,165,92,103
cK5M9lwJCDo,167,99,104,44,34,33,167,100,106
5FwyR36jiCE,195,101,110,115,91,92,208,155,147
3-J2_agZfDI,188,108,134,89,75,87,212,123,172
_jYhpx0anUU,212,133,144,113,90,86,206,118,133
3meszUFA9GI,209,155,160,117,101,91,195,117,129
8M2SN3CLQ7M,213,124,135,120,96,97,196,89,105
HC2v4nASl7c,211,131,114,136,115,78,211,126,117
#NAME?,180,113,102,81,66,48,198,102,119
5pwJF5vyPv0,173,76,77,82,64,52,181,111,105
9nEkQVKBHyw,209,136,160,140,125,142,127,44,92
kfwiDRHQEvU,181,98,105,72,46,38,191,105,115
0Z643fUBstY,188,91,101,114,93,79,207,48,85
JEhQUHo_wG8,149,87,93,64,46,51,140,42,55
hq0XHCzqpHo,193,114,120,99,71,60,154,37,72
8arfh4wq9mU,172,106,114,82,72,79,147,100,141
eWg6QDjpWmk,198,98,101,89,60,46,201,13,59
rzlfVcZHP7Y,195,109,125,96,89,89,196,110,120
xJWC1L241YU,178,93,101,119,108,100,138,79,80
aLGCxg4A8gM,187,90,102,91,68,62,193,104,113
r-kmm5MEEmc,223,133,119,98,90,87,219,72,114
er0k4E4JN-k,208,130,137,89,74,76,202,67,67
rsyOj1KchQg,188,132,148,115,113,117,192,102,121
ZEfYX1KlNbc,135,65,75,85,70,77,29,20,25
_WKHJS4mTFs,190,128,143,122,120,120,166,109,118
#NAME?,213,104,95,109,77,56,205,105,98
GLJKefkylns,181,87,100,82,59,50,177,98,109
kt-FFLSfSxg,220,135,131,106,72,62,218,148,131
XtB9QJAReeA,162,102,108,73,56,52,180,100,126
5_Hl-9kPchI,137,83,75,53,31,26,130,25,53
NV7s2iRyex0,163,79,90,101,88,84,166,59,74
Y11LL5K5rPE,180,88,105,81,52,51,160,79,92
BBpfySOf9Cs,208,153,157,117,109,95,215,149,172
LH0Loy7JR9Y,200,110,97,92,62,36,121,33,30
6Kv4lF6Q1AA,166,73,100,84,54,50,162,76,90
4_mAYym-W2g,159,64,82,61,33,37,134,52,64
1WHBnJsvM_U,189,137,136,129,113,110,184,144,149
iy4w-JwzGrA,92,63,60,73,58,58,118,76,70
_nOwAShhK_M,186,108,118,99,91,89,180,114,107
#NAME?,189,115,132,83,61,58,201,97,114
RrFi8z0IKrg,164,126,114,79,85,96,153,113,106
7ebjl9tEvX0,195,104,121,121,104,100,191,107,114
AlhkQyP8Qa8,152,98,114,71,86,100,149,116,110
Uolsda48C2k,197,118,128,92,77,86,194,96,111
nrPfIxkLbVU,137,89,108,69,84,98,94,72,83
c-nRDXFwXTE,186,110,115,87,84,85,230,153,160
iSC65v7rBvU,168,95,90,75,48,35,149,70,58
9ctBhziFJhc,180,79,107,78,52,47,177,93,108
owiRabbd-ow,186,121,133,65,56,62,174,128,130
72ClsmFzWWo,169,109,116,46,43,40,237,146,160
AZaJHXBcBvk,153,86,99,80,56,43,157,63,75
az8Tzf4OyJY,199,118,138,97,105,110,206,132,158
rNu8KzS73WY,185,99,104,87,54,43,194,117,117
JMClWKtLndY,113,68,83,46,39,50,111,25,34
8j9VQ2S-mAA,132,73,70,63,37,36,84,13,29
Zmb4TIfRasY,178,96,110,109,96,88,174,90,100
4Ow7on5q-Lg,172,83,80,73,64,60,203,116,114
vmDv6mtvAVA,169,90,100,67,45,44,181,56,66
DP2ATUsbJq0,221,164,149,105,92,80,209,148,146
J4jNK48n_tM,205,139,153,119,114,109,203,118,141
YFftGjiw0iE,188,85,87,86,61,49,206,99,114
0oMlpgU5UwU,157,104,111,43,36,40,91,42,53
yhJK_ReuMCg,176,80,92,103,94,105,196,124,112
Zamx3ShgIpg,188,101,102,94,89,94,189,133,103
BDZ4xHFWc6Q,180,99,118,89,67,63,162,95,110
3DS5IC0Sj1g,156,72,80,96,90,96,157,83,88
OMvhp7EFXy8,181,116,127,108,105,104,179,104,113
yFYHYMMx1zs,184,123,132,105,90,92,191,128,141
2yNb27Vi4hk,163,112,125,83,82,89,174,107,116
vPfhE6Blsv0,163,92,94,83,73,67,160,92,96
pGZPCsiTVeQ,220,157,136,92,62,57,220,144,127
iknfTqNl27s,149,95,97,66,71,64,189,69,67
DypFM7PPOSM,143,82,77,82,70,61,175,60,88
qtXLBcplNJ0,176,100,96,88,65,57,181,100,106
E4fAb5JbcMw,213,148,142,63,51,54,143,83,83
fNFNWb-EfXI,221,159,158,73,52,48,224,165,156
vc5e1Zl0PWI,154,103,118,58,46,59,158,90,99
R8-TpjfdRJ0,162,84,94,91,88,101,165,89,85
2j4xRkRcThE,196,101,112,91,67,66,196,64,87
8gHURYmTzFs,205,119,124,73,45,46,209,116,120
8W29fPyz638,170,79,88,107,82,75,159,70,89
aT15Ewhwlng,198,106,119,117,98,101,188,104,111
SC8sxr2tU9g,135,70,75,52,32,38,167,34,60
zPVffPRHHnU,190,114,131,89,81,88,178,96,112
JxdaksM5olg,174,95,94,70,51,45,169,101,92
RYLzE4D1N8E,170,107,115,116,98,97,146,26,56
QKhg9ryqwqw,192,81,115,90,57,54,184,94,111
Z7MFq31C81M,194,158,161,122,130,127,181,124,120
YbKbuhyP__g,213,150,158,104,78,72,218,127,145
uHpOdhhbG_Y,216,137,150,89,71,73,220,126,143
7pSlH7bMP7k,172,99,102,55,35,38,146,34,49
G5Dq7y-CQEc,191,105,113,90,70,70,186,98,106
cX8xAzdLyJA,228,164,178,143,144,152,220,166,179
YjfGuIgpGR0,162,104,107,67,65,59,172,97,132
XKOhX8Dgh-s,178,95,107,89,84,89,197,96,112
Ha5MmMaGUYE,209,99,124,106,85,80,208,92,122
nt47Dv1winE,176,114,118,88,60,59,178,111,115
hreGatWkrmE,163,95,88,82,65,50,157,92,81
ROQqsf5y7NQ,173,110,123,107,108,119,158,113,108
xhhyrey5weo,191,70,77,69,55,54,207,100,118
lydutETMTtU,134,76,88,50,36,39,96,43,53
RpuAkWG2DUQ,210,111,116,126,97,73,208,109,118
-r5dS8oG7lQ,158,71,89,71,50,46,170,73,95
80RUnZB41Fk,195,137,150,123,118,119,162,92,105
NrA8U_xLeqg,198,108,120,127,108,97,86,12,30
_kBPRzINGGg,148,85,115,77,67,85,109,29,61
dUeNZndMAJw,199,126,124,91,68,68,210,66,78
3-Ig23IProY,178,112,121,73,70,83,184,114,119
#NAME?,161,104,110,81,97,113,100,56,58
xUcl87n3YqU,163,63,83,77,43,38,87,32,35
hxsRjywU-m8,224,145,163,131,98,91,227,72,110
J3CDwdpg27E,182,122,134,84,82,88,186,115,122
2Z3c0i5wmOU,194,117,124,87,60,59,148,67,68
IoHFnHiG24Y,198,126,133,74,59,63,220,114,147
Z6A_EG9TbQY,171,109,126,93,87,85,166,100,108
ndqu5rfb9Mw,153,107,81,69,56,51,116,45,51
otAfTPnR-pM,178,85,106,81,54,52,151,71,83
Yi_ZHBpKmvE,216,108,124,111,86,76,215,111,123
Z46WcOeJuHM,180,71,82,86,62,57,229,26,48
rXaSgWrjjFs,192,127,135,114,77,72,191,118,129
7oF_ZsnAq6s,144,78,74,56,45,45,143,78,73
4fozMxAxub0,178,93,105,110,96,88,152,9,69
BgkKRZuidLM,170,93,98,70,46,34,168,91,98
BJ1RpkPLEPU,135,70,75,72,52,47,130,31,51
ZNhYVYP5zSk,155,90,100,57,42,42,191,33,55
VEn-_Xgi0cs,203,129,114,77,56,44,195,104,99
gM_KrInVCWU,180,96,113,78,70,72,184,111,119
UMgTXdTQy0k,176,90,101,69,57,54,172,95,104
hoh4_oaFzMc,199,117,108,86,67,65,205,138,143
3uKCafbvtr8,136,75,102,73,80,96,144,99,112
upfasWOsm_o,232,156,159,125,98,88,231,131,156
E8UifL-g3YQ,176,83,96,72,51,49,187,32,32
hoqv96th6Lo,199,111,104,77,55,43,158,30,30
bkx4yLvlOFs,174,66,97,120,97,112,134,38,76
dgb0NarQPD8,176,83,101,82,81,92,204,140,144
pcmbmC9cUUY,162,96,120,96,96,119,125,62,83
kEMDyXnF3OQ,145,58,68,94,85,92,146,73,77
BtyGENZYTLI,179,90,105,102,83,76,180,93,102
oxZiggcT9X8,140,56,80,74,50,50,151,33,65
SkKkMhVhtK0,196,130,135,108,95,78,213,138,149
yYzbCfHLuN8,210,141,139,86,55,50,218,130,120
QTgAu9R6Yjo,219,144,153,109,88,83,221,150,167
N7C5T055Ku0,193,121,137,91,65,58,226,70,185
Nbie1amOVRw,222,137,140,106,77,70,226,111,122
vRe1tOGFJWI,196,132,147,92,87,86,188,105,132
VUrSTjAwsuA,208,131,149,95,70,64,188,19,38
M4CY8zu-fYQ,199,122,129,85,69,80,195,69,94
1TM5u4BZAY0,192,91,115,119,102,98,177,84,97
52Of8W31wtU,215,93,117,107,82,75,214,115,127
Iib7m9K6dCo,186,103,112,76,55,46,226,40,98
m3wBOT5Ejdk,184,96,110,105,97,96,183,97,102
8Req4NCkNi8,193,109,118,96,80,69,219,112,135
dUsHMaQJRYI,198,105,107,82,52,48,186,100,94
3ouFRSsZTtA,198,116,129,117,99,91,179,92,103
yvvey9AGZSI,159,86,99,78,75,69,153,90,95
7pWoq1YHBaU,219,139,146,107,73,64,220,53,72
Wm1Q-Q-OoNI,144,61,60,45,20,14,141,47,50
QVZ7PEelwDI,178,95,107,114,106,104,186,100,106
_mJ9BGFxZMA,186,100,108,106,90,81,165,74,97
JMQdNfeRFGM,216,120,118,86,53,42,220,139,124
JMgGXBSybXE,183,100,107,94,74,66,196,93,112
3RqaaP2V3PA,160,94,100,79,72,67,151,68,73
nF7AkGDIX9Q,161,97,97,108,100,88,190,125,130
YyEgmqceZuk,198,83,117,96,73,72,218,92,123
tcMG8A8wq9M,200,138,149,119,116,115,205,141,146
8Lw__RZcYZ8,123,66,77,72,62,65,127,80,77
EbuCLC_wVlM,164,88,97,66,55,56,204,117,117
WxlcMB6lvHE,204,110,110,103,76,73,217,123,121
8bed9Tbt2tw,183,115,117,102,84,77,175,107,115
#NAME?,170,81,75,100,70,47,139,40,105
bUFsMHMiUcA,137,92,91,63,46,46,149,105,99
4DbQk8dNJdY,160,57,82,86,54,49,178,89,117
7rpM0PdKvIg,187,98,102,114,106,115,198,129,105
nXzac6mblNs,177,96,110,42,25,28,138,76,84
KBxIWhGFiYY,211,142,157,128,122,122,169,94,114
2gOtXiUzB58,211,141,158,123,113,114,200,130,145
_lXadyiQGuQ,187,101,114,105,86,87,192,103,114
WneaHMzgurk,190,98,98,86,43,38,199,100,95
Bn6rIMLtG1c,231,160,171,127,117,123,238,160,168
fuTPnV8LIZs,174,108,104,64,57,57,129,50,64
ZsH-JjxHiEE,166,82,103,71,52,50,152,77,85
D3JoR65FxtM,165,98,102,73,58,61,172,100,106
2R4pwD5bP3U,194,137,130,110,103,87,194,134,120
NbjoRzLqLJw,230,155,139,133,104,87,218,144,126
_9C_XThND6o,165,109,122,91,59,65,153,90,106
A28JZXceXp8,207,151,154,126,110,112,202,143,141
vg6GZisIOYs,198,127,120,106,78,64,223,74,63
DgYgonZ4paw,210,106,95,127,104,92,229,130,109
1M2gRJf-Y7M,204,122,135,79,71,73,205,112,124
0SpEUtAWf-o,151,108,113,40,34,37,143,27,42
kBbAzY57baU,147,61,39,73,33,19,140,57,38
9CKa8dVWL1o,168,82,97,84,70,77,180,93,107
Ly235otZkhk,195,93,97,113,94,69,208,121,111
KBGvJY0Y5mU,173,87,97,105,96,93,183,97,100
YECNsH_ruwQ,166,107,103,85,74,60,168,105,100
LglTMWbP7SI,158,71,89,68,44,42,154,67,84
OQg_65BgguY,194,119,116,81,61,57,190,120,115
yoHvwlOufSo,144,51,58,61,63,67,193,113,96
#NAME?,193,110,127,82,50,47,197,108,122
y7KZBz7JY7M,218,150,168,85,66,58,215,139,164
wl4s6jLgxYU,189,89,116,96,65,62,173,85,115
9FixUi7LhL0,187,117,127,78,76,80,179,82,107
ym67JJ1rPlg,146,75,76,62,40,39,175,112,120
dwbD2Z0iacw,190,123,121,87,64,56,187,102,102
5zjTFsFXR90,176,80,92,88,56,46,157,64,79
kbl1Jdvlj6E,167,108,97,57,29,22,166,99,97
Yl0qZXr89Ps,186,89,101,78,48,53,192,109,128
CmGH4uAw0Pw,207,129,119,108,64,56,210,111,116
qFSRRHRv6DI,188,132,137,99,89,81,172,93,88
X6fiY9QY0uM,172,97,112,90,66,63,189,38,130
cmMVtjKQD7g,150,91,102,83,87,93,168,77,89
fQ12vx410Hg,179,116,126,107,106,102,157,102,102
ORnCnxu8LqQ,201,132,124,112,69,59,200,117,110
4CA-1LsjXHU,150,108,129,83,89,103,164,129,139
E5gFmU81dMw,167,78,91,86,62,57,173,81,86
n5mrSKd0Wbg,197,107,98,106,87,63,214,116,115
1kv7EjQ3wsU,180,86,113,91,62,62,180,86,115
UEtK9a-SSZs,218,152,156,115,82,69,225,160,151
8xJ5kD6Y7gk,176,123,133,86,93,95,175,104,115
Vx39cxFfkes,188,108,119,104,87,81,170,76,79
_7IkyU0mPwQ,202,126,130,110,85,75,202,119,125
Axk49ElTjJk,162,102,108,84,81,75,188,114,128
RXeOO74Z0Sk,191,143,205,58,42,76,216,134,206
7dVT6Emo2MY,186,126,140,75,68,76,146,81,103
tGLF5vN5vhc,-1,-1,-1,56,35,35,138,63,63
LIncbOQ5wac,164,105,115,73,64,73,164,97,96
9XP1Vs9Hz4E,163,82,106,79,72,74,157,69,79
3Fsr03XiP6E,194,126,135,92,66,70,156,68,80
isaP1vG9-lg,185,109,124,131,127,134,179,99,107
2IuMZon_i7A,200,130,137,91,75,81,141,84,91
UjerNr0F2Bw,186,113,117,103,100,93,231,149,158
HEfI5Mh18xA,154,84,94,79,63,69,140,61,74
x4uAvLBpV5o,201,133,131,98,74,65,197,79,122
O1EGDdgLpsY,212,132,151,112,85,91,222,138,160
QiRa8xzj8IU,158,92,79,73,41,29,153,94,68
WlB5yFft-OU,206,102,101,120,100,72,217,102,113
0j2LAhg96DA,171,108,114,93,84,81,173,103,107
AOFx8BQtHpw,153,102,117,91,83,85,154,101,119
MCiLt6rBFaE,185,107,114,113,99,92,201,115,118
vt_TSK8zep8,185,133,144,92,93,96,168,92,102
JXedU8X0J3Q,179,95,107,79,67,63,161,77,86
VvacGl4lN9w,172,77,96,70,43,39,124,12,37
B5yEqKTK8Is,215,132,140,103,68,60,239,97,98
0m01JtYkV_c,182,94,107,78,55,50,188,87,92
AAJfj5uTvv0,204,147,144,105,83,84,197,111,111
Ip-1_5u2wgs,183,112,110,80,57,47,197,64,83
0KChfqqX3D8,185,103,115,95,81,78,175,97,100
dBln4tt8PTA,211,114,133,103,82,81,224,84,127
l-hcNzSkGJc,214,83,114,88,60,55,127,41,54
qKnCpHOg3Yc,125,59,63,58,42,42,106,33,39
0qrGH5_MZGY,171,103,95,67,50,34,165,100,95
ykr_sIVPVHg,191,133,126,101,69,57,218,148,148
ufAUIRqCHhQ,218,145,147,108,93,87,193,115,127
_4DrLMxFI4s,194,127,125,114,103,82,190,126,126
_h8zAorV1iA,186,100,108,107,91,81,190,99,107
E5Pfh2tbCww,164,100,84,65,51,48,145,76,66
lokFoo_QD8c,215,102,119,100,80,82,211,46,76
dZ_nSF7IOpQ,141,57,59,93,67,58,145,56,72
TMyrpVUoEw8,218,140,133,96,86,75,236,159,145
RRF0hXLRApY,200,115,122,80,57,53,207,134,143
B8wmKamfPkk,155,105,111,56,48,43,169,108,107
ZBgzruKIrGU,220,150,153,110,83,75,231,145,148
WX_CQq5K35E,222,153,164,122,120,120,218,141,132
iLX8ExbNIZU,196,110,121,96,75,67,96,23,42
E21eL9W7fVg,194,113,129,99,89,88,184,125,114
G_rTFxeGGNM,205,114,123,110,93,77,184,7,50
6Nr1z7PGOZc,210,125,127,122,118,125,203,142,107
Zf1R3l7ihsI,176,97,108,115,100,93,186,84,95
KRZuxSEN0HM,158,76,78,58,41,40,164,82,83
3ODmwOXVjfk,181,104,103,93,64,53,178,100,98
MbxC1ZGsA3M,181,96,104,90,71,61,176,81,86
6XyACOs0xiA,211,97,155,119,93,125,171,99,134
JR7lx_kbV88,214,140,145,136,112,109,153,67,75
6PBoulQg5QA,209,97,107,126,94,87,208,102,111
